dt,loop,status,retry,test_result
20230320T235551,1,Normal,0,Pass
20230320T235551,2,No Device,0,Fail
20230320T235551,2,Normal,1,Pass
20230320T235551,3,Normal,0,Pass
20230320T235551,4,Normal,0,Pass
20230320T235551,5,No Device,0,Fail
20230320T235551,5,No Device,1,Fail
20230320T235551,5,No Device,2,Fail
20230320T235551,5,Normal,3,Pass
20230320T235551,6,Normal,0,Pass
20230320T235551,7,No Device,0,Fail
20230320T235551,7,Normal,1,Pass
20230320T235551,8,No Device,0,Fail
20230320T235551,8,Normal,1,Pass
20230320T235551,9,Abnormal,0,Fail
20230320T235610,1,No Device,0,Fail
20230320T235610,1,No Device,1,Fail
20230320T235610,1,No Device,2,Fail
20230320T235610,1,Normal,3,Pass
20230320T235610,2,No Device,0,Fail
20230320T235610,2,No Device,1,Fail
20230320T235610,2,No Device,2,Fail
20230320T235610,2,Normal,3,Pass
20230320T235610,3,Abnormal,0,Fail
20230321T000434,1,Abnormal,0,Fail
20230321T000451,1,Normal,0,Pass
20230321T000451,2,Normal,0,Pass
20230321T000451,3,Normal,0,Pass
20230321T000451,4,No Device,0,Fail
20230321T000451,4,No Device,1,Fail
20230321T000451,4,Normal,2,Pass
20230321T000451,5,No Device,0,Fail
20230321T000451,5,No Device,1,Fail
20230321T000451,5,No Device,2,Fail
20230321T000451,5,No Device,3,Fail
20230321T000451,6,No Device,0,Fail
20230321T000451,6,Normal,1,Pass
20230321T000451,7,No Device,0,Fail
20230321T000451,7,Normal,1,Pass
20230321T000451,8,Normal,0,Pass
20230321T000451,9,No Device,0,Fail
20230321T000451,9,Normal,1,Pass
20230321T000451,10,Normal,0,Pass
20230321T000454,1,Abnormal,0,Fail
20230321T000456,1,No Device,0,Fail
20230321T000456,1,Normal,1,Pass
20230321T000456,2,Normal,0,Pass
20230321T000456,3,Normal,0,Pass
20230321T000456,4,Normal,0,Pass
20230321T000456,5,No Device,0,Fail
20230321T000456,5,Normal,1,Pass
20230321T000456,6,Normal,0,Pass
20230321T000456,7,No Device,0,Fail
20230321T000456,7,No Device,1,Fail
20230321T000456,7,Abnormal,2,Fail
20230321T000457,1,No Device,0,Fail
20230321T000457,1,No Device,1,Fail
20230321T000457,1,No Device,2,Fail
20230321T000457,1,No Device,3,Fail
20230321T000457,2,No Device,0,Fail
20230321T000457,2,Normal,1,Pass
20230321T000457,3,Normal,0,Pass
20230321T000457,4,No Device,0,Fail
20230321T000457,4,Normal,1,Pass
20230321T000457,5,No Device,0,Fail
20230321T000457,5,Normal,1,Pass
20230321T000457,6,No Device,0,Fail
20230321T000457,6,No Device,1,Fail
20230321T000457,6,Abnormal,2,Fail
20230321T000458,1,No Device,0,Fail
20230321T000458,1,No Device,1,Fail
20230321T000458,1,Normal,2,Pass
20230321T000458,2,No Device,0,Fail
20230321T000458,2,No Device,1,Fail
20230321T000458,2,No Device,2,Fail
20230321T000458,2,No Device,3,Fail
20230321T000458,3,Abnormal,0,Fail
20230321T000500,1,No Device,0,Fail
20230321T000500,1,No Device,1,Fail
20230321T000500,1,Normal,2,Pass
20230321T000500,2,No Device,0,Fail
20230321T000500,2,No Device,1,Fail
20230321T000500,2,Abnormal,2,Fail
20230321T000501,1,Normal,0,Pass
20230321T000501,2,No Device,0,Fail
20230321T000501,2,No Device,1,Fail
20230321T000501,2,Normal,2,Pass
20230321T000501,3,Abnormal,0,Fail
20230321T000502,1,Normal,0,Pass
20230321T000502,2,No Device,0,Fail
20230321T000502,2,No Device,1,Fail
20230321T000502,2,Normal,2,Pass
20230321T000502,3,Abnormal,0,Fail
20230321T000503,1,No Device,0,Fail
20230321T000503,1,No Device,1,Fail
20230321T000503,1,Abnormal,2,Fail
20230321T000504,1,No Device,0,Fail
20230321T000504,1,No Device,1,Fail
20230321T000504,1,No Device,2,Fail
20230321T000504,1,Normal,3,Pass
20230321T000504,2,No Device,0,Fail
20230321T000504,2,No Device,1,Fail
20230321T000504,2,Normal,2,Pass
20230321T000504,3,No Device,0,Fail
20230321T000504,3,Abnormal,1,Fail
20230321T000505,1,No Device,0,Fail
20230321T000505,1,No Device,1,Fail
20230321T000505,1,No Device,2,Fail
20230321T000505,1,No Device,3,Fail
20230321T000505,2,Normal,0,Pass
20230321T000505,3,Normal,0,Pass
20230321T000505,4,Abnormal,0,Fail
20230321T000506,1,No Device,0,Fail
20230321T000506,1,No Device,1,Fail
20230321T000506,1,Normal,2,Pass
20230321T000506,2,No Device,0,Fail
20230321T000506,2,Normal,1,Pass
20230321T000506,3,Normal,0,Pass
20230321T000506,4,Abnormal,0,Fail
20230321T000507,1,Normal,0,Pass
20230321T000507,2,Normal,0,Pass
20230321T000507,3,No Device,0,Fail
20230321T000507,3,Normal,1,Pass
20230321T000507,4,No Device,0,Fail
20230321T000507,4,No Device,1,Fail
20230321T000507,4,No Device,2,Fail
20230321T000507,4,No Device,3,Fail
20230321T000507,5,Normal,0,Pass
20230321T000507,6,No Device,0,Fail
20230321T000507,6,No Device,1,Fail
20230321T000507,6,Normal,2,Pass
20230321T000507,7,Normal,0,Pass
20230321T000507,8,Normal,0,Pass
20230321T000507,9,No Device,0,Fail
20230321T000507,9,Normal,1,Pass
20230321T000507,10,No Device,0,Fail
20230321T000507,10,No Device,1,Fail
20230321T000507,10,Abnormal,2,Fail
20230321T000509,1,Normal,0,Pass
20230321T000509,2,Normal,0,Pass
20230321T000509,3,Normal,0,Pass
20230321T000509,4,No Device,0,Fail
20230321T000509,4,No Device,1,Fail
20230321T000509,4,No Device,2,Fail
20230321T000509,4,No Device,3,Fail
20230321T000509,5,No Device,0,Fail
20230321T000509,5,No Device,1,Fail
20230321T000509,5,Normal,2,Pass
20230321T000509,6,Abnormal,0,Fail
20230321T000524,1,No Device,0,Fail
20230321T000524,1,No Device,1,Fail
20230321T000524,1,No Device,2,Fail
20230321T000524,1,Normal,3,Pass
20230321T000524,2,No Device,0,Fail
20230321T000524,2,No Device,1,Fail
20230321T000524,2,No Device,2,Fail
20230321T000524,2,No Device,3,Fail
20230321T000524,3,No Device,0,Fail
20230321T000524,3,No Device,1,Fail
20230321T000524,3,No Device,2,Fail
20230321T000524,3,No Device,3,Fail
20230321T000524,4,No Device,0,Fail
20230321T000524,4,No Device,1,Fail
20230321T000524,4,No Device,2,Fail
20230321T000524,4,Normal,3,Pass
20230321T000524,5,No Device,0,Fail
20230321T000524,5,Abnormal,1,Fail
20230321T000529,1,No Device,0,Fail
20230321T000529,1,No Device,1,Fail
20230321T000529,1,No Device,2,Fail
20230321T000529,1,Normal,3,Pass
20230321T000529,2,Normal,0,Pass
20230321T000529,3,Normal,0,Pass
20230321T000529,4,No Device,0,Fail
20230321T000529,4,Normal,1,Pass
20230321T000529,5,No Device,0,Fail
20230321T000529,5,No Device,1,Fail
20230321T000529,5,No Device,2,Fail
20230321T000529,5,Normal,3,Pass
20230321T000529,6,Normal,0,Pass
20230321T000529,7,Normal,0,Pass
20230321T000529,8,Normal,0,Pass
20230321T000529,9,No Device,0,Fail
20230321T000529,9,Normal,1,Pass
20230321T000529,10,No Device,0,Fail
20230321T000529,10,No Device,1,Fail
20230321T000529,10,No Device,2,Fail
20230321T000529,10,No Device,3,Fail
20230321T000529,11,No Device,0,Fail
20230321T000529,11,No Device,1,Fail
20230321T000529,11,No Device,2,Fail
20230321T000529,11,Normal,3,Pass
20230321T000529,12,No Device,0,Fail
20230321T000529,12,Normal,1,Pass
20230321T000529,13,Normal,0,Pass
20230321T000529,14,No Device,0,Fail
20230321T000529,14,No Device,1,Fail
20230321T000529,14,Normal,2,Pass
20230321T000529,15,Normal,0,Pass
20230321T000529,16,No Device,0,Fail
20230321T000529,16,No Device,1,Fail
20230321T000529,16,No Device,2,Fail
20230321T000529,16,No Device,3,Fail
20230321T000529,17,No Device,0,Fail
20230321T000529,17,No Device,1,Fail
20230321T000529,17,No Device,2,Fail
20230321T000529,17,Normal,3,Pass
20230321T000529,18,Normal,0,Pass
20230321T000529,19,No Device,0,Fail
20230321T000529,19,No Device,1,Fail
20230321T000529,19,Normal,2,Pass
20230321T000529,20,No Device,0,Fail
20230321T000529,20,Normal,1,Pass
20230321T000529,21,No Device,0,Fail
20230321T000529,21,Normal,1,Pass
20230321T000529,22,No Device,0,Fail
20230321T000529,22,No Device,1,Fail
20230321T000529,22,No Device,2,Fail
20230321T000529,22,Normal,3,Pass
20230321T000529,23,No Device,0,Fail
20230321T000529,23,Abnormal,1,Fail
20230321T000532,1,No Device,0,Fail
20230321T000532,1,Normal,1,Pass
20230321T000532,2,No Device,0,Fail
20230321T000532,2,Normal,1,Pass
20230321T000532,3,No Device,0,Fail
20230321T000532,3,Normal,1,Pass
20230321T000532,4,No Device,0,Fail
20230321T000532,4,Normal,1,Pass
20230321T000532,5,No Device,0,Fail
20230321T000532,5,No Device,1,Fail
20230321T000532,5,Normal,2,Pass
20230321T000532,6,No Device,0,Fail
20230321T000532,6,No Device,1,Fail
20230321T000532,6,Normal,2,Pass
20230321T000532,7,No Device,0,Fail
20230321T000532,7,No Device,1,Fail
20230321T000532,7,Normal,2,Pass
20230321T000532,8,No Device,0,Fail
20230321T000532,8,No Device,1,Fail
20230321T000532,8,No Device,2,Fail
20230321T000532,8,No Device,3,Fail
20230321T000532,9,No Device,0,Fail
20230321T000532,9,No Device,1,Fail
20230321T000532,9,Abnormal,2,Fail
20230321T000533,1,Normal,0,Pass
20230321T000533,2,Normal,0,Pass
20230321T000533,3,Normal,0,Pass
20230321T000533,4,Normal,0,Pass
20230321T000533,5,No Device,0,Fail
20230321T000533,5,No Device,1,Fail
20230321T000533,5,Abnormal,2,Fail
20230321T000535,1,No Device,0,Fail
20230321T000535,1,No Device,1,Fail
20230321T000535,1,Normal,2,Pass
20230321T000535,2,Abnormal,0,Fail
20230321T000539,1,Abnormal,0,Fail
20230321T000541,1,No Device,0,Fail
20230321T000541,1,No Device,1,Fail
20230321T000541,1,No Device,2,Fail
20230321T000541,1,No Device,3,Fail
20230321T000541,2,No Device,0,Fail
20230321T000541,2,No Device,1,Fail
20230321T000541,2,Normal,2,Pass
20230321T000541,3,Normal,0,Pass
20230321T000541,4,Normal,0,Pass
20230321T000541,5,No Device,0,Fail
20230321T000541,5,No Device,1,Fail
20230321T000541,5,Normal,2,Pass
20230321T000541,6,Abnormal,0,Fail
20230321T000544,1,Normal,0,Pass
20230321T000544,2,No Device,0,Fail
20230321T000544,2,No Device,1,Fail
20230321T000544,2,No Device,2,Fail
20230321T000544,2,No Device,3,Fail
20230321T000544,3,No Device,0,Fail
20230321T000544,3,No Device,1,Fail
20230321T000544,3,No Device,2,Fail
20230321T000544,3,Normal,3,Pass
20230321T000544,4,Abnormal,0,Fail
20230321T000548,1,No Device,0,Fail
20230321T000548,1,No Device,1,Fail
20230321T000548,1,Normal,2,Pass
20230321T000548,2,No Device,0,Fail
20230321T000548,2,No Device,1,Fail
20230321T000548,2,Normal,2,Pass
20230321T000548,3,Abnormal,0,Fail
20230321T000548,1,Normal,0,Pass
20230321T000548,2,No Device,0,Fail
20230321T000548,2,No Device,1,Fail
20230321T000548,2,Normal,2,Pass
20230321T000548,3,Normal,0,Pass
20230321T000548,4,No Device,0,Fail
20230321T000548,4,No Device,1,Fail
20230321T000548,4,No Device,2,Fail
20230321T000548,4,No Device,3,Fail
20230321T000548,5,Normal,0,Pass
20230321T000548,6,Normal,0,Pass
20230321T000548,7,No Device,0,Fail
20230321T000548,7,Normal,1,Pass
20230321T000548,8,No Device,0,Fail
20230321T000548,8,Normal,1,Pass
20230321T000548,9,Normal,0,Pass
20230321T000548,10,No Device,0,Fail
20230321T000548,10,Normal,1,Pass
20230321T000548,11,No Device,0,Fail
20230321T000548,11,Abnormal,1,Fail
